{
  "index_settings": {
    "docstore_compression": "lz4",
    "docstore_blocksize": 16384
  },
  "segments": [
    {
      "segment_id": "5e3e7d7f-6f7e-4efa-a394-2d80302b42f5",
      "max_doc": 1,
      "deletes": null
    },
    {
      "segment_id": "d28fdf2a-ea71-4fd8-b171-3aa19d85c5f3",
      "max_doc": 1,
      "deletes": null
    }
  ],
  "schema": [
    {
      "name": "id",
      "type": "text",
      "options": {
        "indexing": {
          "record": "basic",
          "fieldnorms": true,
          "tokenizer": "raw"
        },
        "stored": true,
        "fast": false
      }
    },
    {
      "name": "name",
      "type": "text",
      "options": {
        "indexing": {
          "record": "position",
          "fieldnorms": true,
          "tokenizer": "default"
        },
        "stored": false,
        "fast": false
      }
    },
    {
      "name": "version",
      "type": "text",
      "options": {
        "indexing": {
          "record": "basic",
          "fieldnorms": true,
          "tokenizer": "raw"
        },
        "stored": false,
        "fast": false
      }
    },
    {
      "name": "short_description",
      "type": "text",
      "options": {
        "indexing": {
          "record": "position",
          "fieldnorms": true,
          "tokenizer": "default"
        },
        "stored": false,
        "fast": false
      }
    },
    {
      "name": "readme",
      "type": "text",
      "options": {
        "indexing": {
          "record": "position",
          "fieldnorms": true,
          "tokenizer": "default"
        },
        "stored": false,
        "fast": false
      }
    },
    {
      "name": "eeprom_name",
      "type": "text",
      "options": {
        "indexing": {
          "record": "basic",
          "fieldnorms": true,
          "tokenizer": "raw"
        },
        "stored": false,
        "fast": false
      }
    },
    {
      "name": "eeprom_title",
      "type": "text",
      "options": {
        "indexing": {
          "record": "position",
          "fieldnorms": true,
          "tokenizer": "default"
        },
        "stored": false,
        "fast": false
      }
    },
    {
      "name": "eeprom_description",
      "type": "text",
      "options": {
        "indexing": {
          "record": "position",
          "fieldnorms": true,
          "tokenizer": "default"
        },
        "stored": false,
        "fast": false
      }
    }
  ],
  "opstamp": 4
}
