{
  "index_settings": {
    "docstore_compression": "lz4",
    "docstore_blocksize": 16384
  },
  "segments": [
    {
      "segment_id": "deb8d31c-a108-4ed5-bd94-3b6ecd6c5a4b",
      "max_doc": 1,
      "deletes": null
    },
    {
      "segment_id": "5e1f1e08-e80d-4cf5-9bf3-3b8cfa96047f",
      "max_doc": 1,
      "deletes": null
    }
  ],
  "schema": [
    {
      "name": "id",
      "type": "text",
      "options": {
        "indexing": {
          "record": "basic",
          "fieldnorms": true,
          "tokenizer": "raw"
        },
        "stored": true,
        "fast": false
      }
    },
    {
      "name": "name",
      "type": "text",
      "options": {
        "indexing": {
          "record": "position",
          "fieldnorms": true,
          "tokenizer": "default"
        },
        "stored": false,
        "fast": false
      }
    },
    {
      "name": "version",
      "type": "text",
      "options": {
        "indexing": {
          "record": "basic",
          "fieldnorms": true,
          "tokenizer": "raw"
        },
        "stored": false,
        "fast": false
      }
    },
    {
      "name": "short_description",
      "type": "text",
      "options": {
        "indexing": {
          "record": "position",
          "fieldnorms": true,
          "tokenizer": "default"
        },
        "stored": false,
        "fast": false
      }
    },
    {
      "name": "readme",
      "type": "text",
      "options": {
        "indexing": {
          "record": "position",
          "fieldnorms": true,
          "tokenizer": "default"
        },
        "stored": false,
        "fast": false
      }
    },
    {
      "name": "eeprom_name",
      "type": "text",
      "options": {
        "indexing": {
          "record": "basic",
          "fieldnorms": true,
          "tokenizer": "raw"
        },
        "stored": false,
        "fast": false
      }
    },
    {
      "name": "eeprom_title",
      "type": "text",
      "options": {
        "indexing": {
          "record": "position",
          "fieldnorms": true,
          "tokenizer": "default"
        },
        "stored": false,
        "fast": false
      }
    },
    {
      "name": "eeprom_description",
      "type": "text",
      "options": {
        "indexing": {
          "record": "position",
          "fieldnorms": true,
          "tokenizer": "default"
        },
        "stored": false,
        "fast": false
      }
    }
  ],
  "opstamp": 4
}
