{
  "index_settings": {
    "docstore_compression": "lz4",
    "docstore_blocksize": 16384
  },
  "segments": [
    {
      "segment_id": "ee894f9f-8191-48dd-aaf6-6e15203d7b7e",
      "max_doc": 4,
      "deletes": null
    },
    {
      "segment_id": "f66d4ab3-6789-42dc-9374-5866612c8aad",
      "max_doc": 1,
      "deletes": null
    },
    {
      "segment_id": "a8b6c401-4180-4b64-86a1-3554e3f46c05",
      "max_doc": 1,
      "deletes": null
    }
  ],
  "schema": [
    {
      "name": "id",
      "type": "text",
      "options": {
        "indexing": {
          "record": "basic",
          "fieldnorms": true,
          "tokenizer": "raw"
        },
        "stored": true,
        "fast": true
      }
    },
    {
      "name": "name",
      "type": "text",
      "options": {
        "indexing": {
          "record": "position",
          "fieldnorms": true,
          "tokenizer": "default"
        },
        "stored": false,
        "fast": false
      }
    },
    {
      "name": "short_description",
      "type": "text",
      "options": {
        "indexing": {
          "record": "position",
          "fieldnorms": true,
          "tokenizer": "default"
        },
        "stored": false,
        "fast": false
      }
    },
    {
      "name": "readme",
      "type": "text",
      "options": {
        "indexing": {
          "record": "position",
          "fieldnorms": true,
          "tokenizer": "default"
        },
        "stored": false,
        "fast": false
      }
    },
    {
      "name": "tags",
      "type": "text",
      "options": {
        "indexing": {
          "record": "basic",
          "fieldnorms": true,
          "tokenizer": "raw"
        },
        "stored": false,
        "fast": false
      }
    },
    {
      "name": "authors",
      "type": "text",
      "options": {
        "indexing": {
          "record": "basic",
          "fieldnorms": true,
          "tokenizer": "raw"
        },
        "stored": false,
        "fast": false
      }
    },
    {
      "name": "versions",
      "type": "text",
      "options": {
        "indexing": {
          "record": "basic",
          "fieldnorms": true,
          "tokenizer": "raw"
        },
        "stored": true,
        "fast": false
      }
    },
    {
      "name": "version_data",
      "type": "bytes",
      "options": {
        "indexed": false,
        "fieldnorms": false,
        "fast": true,
        "stored": true
      }
    }
  ],
  "opstamp": 9
}
