{
  "index_settings": {
    "docstore_compression": "lz4",
    "docstore_blocksize": 16384
  },
  "segments": [
    {
      "segment_id": "a50a7ef7-cb9d-43b9-907a-a352261cceca",
      "max_doc": 1,
      "deletes": null
    },
    {
      "segment_id": "6d31a6cf-ab71-46ea-9b7d-2dc140e9d824",
      "max_doc": 1,
      "deletes": null
    },
    {
      "segment_id": "4120947c-5db7-4c74-85ba-b07f9c80479e",
      "max_doc": 1,
      "deletes": null
    }
  ],
  "schema": [
    {
      "name": "id",
      "type": "text",
      "options": {
        "indexing": {
          "record": "basic",
          "fieldnorms": true,
          "tokenizer": "raw"
        },
        "stored": true,
        "fast": true
      }
    },
    {
      "name": "name",
      "type": "text",
      "options": {
        "indexing": {
          "record": "position",
          "fieldnorms": true,
          "tokenizer": "default"
        },
        "stored": false,
        "fast": false
      }
    },
    {
      "name": "short_description",
      "type": "text",
      "options": {
        "indexing": {
          "record": "position",
          "fieldnorms": true,
          "tokenizer": "default"
        },
        "stored": false,
        "fast": false
      }
    },
    {
      "name": "readme",
      "type": "text",
      "options": {
        "indexing": {
          "record": "position",
          "fieldnorms": true,
          "tokenizer": "default"
        },
        "stored": false,
        "fast": false
      }
    },
    {
      "name": "tags",
      "type": "text",
      "options": {
        "indexing": {
          "record": "basic",
          "fieldnorms": true,
          "tokenizer": "raw"
        },
        "stored": false,
        "fast": false
      }
    },
    {
      "name": "authors",
      "type": "text",
      "options": {
        "indexing": {
          "record": "basic",
          "fieldnorms": true,
          "tokenizer": "raw"
        },
        "stored": false,
        "fast": false
      }
    },
    {
      "name": "versions",
      "type": "text",
      "options": {
        "indexing": {
          "record": "basic",
          "fieldnorms": true,
          "tokenizer": "raw"
        },
        "stored": true,
        "fast": false
      }
    },
    {
      "name": "version_data",
      "type": "bytes",
      "options": {
        "indexed": false,
        "fieldnorms": false,
        "fast": true,
        "stored": true
      }
    }
  ],
  "opstamp": 6
}
