{
  "index_settings": {
    "docstore_compression": "lz4",
    "docstore_blocksize": 16384
  },
  "segments": [
    {
      "segment_id": "a05202fb-cc6d-4990-a941-e9777fd62ace",
      "max_doc": 4,
      "deletes": null
    },
    {
      "segment_id": "4b015e91-ed93-4667-853d-44e595e78596",
      "max_doc": 1,
      "deletes": null
    },
    {
      "segment_id": "76d73249-a88f-4726-930a-88e671a0fa6c",
      "max_doc": 1,
      "deletes": null
    }
  ],
  "schema": [
    {
      "name": "id",
      "type": "text",
      "options": {
        "indexing": {
          "record": "basic",
          "fieldnorms": true,
          "tokenizer": "raw"
        },
        "stored": true,
        "fast": true
      }
    },
    {
      "name": "name",
      "type": "text",
      "options": {
        "indexing": {
          "record": "position",
          "fieldnorms": true,
          "tokenizer": "default"
        },
        "stored": false,
        "fast": false
      }
    },
    {
      "name": "short_description",
      "type": "text",
      "options": {
        "indexing": {
          "record": "position",
          "fieldnorms": true,
          "tokenizer": "default"
        },
        "stored": false,
        "fast": false
      }
    },
    {
      "name": "readme",
      "type": "text",
      "options": {
        "indexing": {
          "record": "position",
          "fieldnorms": true,
          "tokenizer": "default"
        },
        "stored": false,
        "fast": false
      }
    },
    {
      "name": "tags",
      "type": "text",
      "options": {
        "indexing": {
          "record": "basic",
          "fieldnorms": true,
          "tokenizer": "raw"
        },
        "stored": false,
        "fast": false
      }
    },
    {
      "name": "authors",
      "type": "text",
      "options": {
        "indexing": {
          "record": "basic",
          "fieldnorms": true,
          "tokenizer": "raw"
        },
        "stored": false,
        "fast": false
      }
    },
    {
      "name": "versions",
      "type": "text",
      "options": {
        "indexing": {
          "record": "basic",
          "fieldnorms": true,
          "tokenizer": "raw"
        },
        "stored": true,
        "fast": false
      }
    },
    {
      "name": "version_data",
      "type": "bytes",
      "options": {
        "indexed": false,
        "fieldnorms": false,
        "fast": true,
        "stored": true
      }
    }
  ],
  "opstamp": 9
}
